title,price,query,shipping_time,variable_prod,returns,shipping_price,ebay_article_id,prod_url,ebay_vendor,seller_votes,category,payment_methods,prod_specs,product_state,served_area,reviews,product_sold_out_text,import_taxes,target_category,query_attribute_1,query_attribute_2,query_model,query_prod_state,ebay_pics,available_colors
"Apple iPhone 12 mini 5G smartphone dual-SIM 64 GB OLED display 5.4"" MGDY3ZD/A","829,90 EUR",iphone 12 mini 64 gb,mar. 7 dic. y el lun. 10 ene. ,,"reembolso de 60 días, el comprador paga los gastos de envío de la devolución","14,80 EUR",125020329437,https://www.ebay.es/itm/125020329437?_trkparms=ispr%3D1&hash=item1d1bcad5dd%3Ag%3Ai5wAAOSwgNRhn%7Es9&amdata=enc%3AAQAGAAACoPYe5NmHp%252B2JMhMi7yxGiTJkPrKr5t53CooMSQt2orsSxXDXcCydCuSj2Tq2S%252F3GnujwZZy2eF2nYtujrZA2h5LyRd2SPPZROPBiWQuEpoPFVIhzsoZT8UPCOTKL8EKKqmcznjE58FUF5d9hUfevnaaFP%252FqmmZYR58b7lPSYQK6xEpyjsbgdvxX%252FypdVkp0uwzB%252Bq6Mtihl2LqxtDZL2XYOAkCTvgVIc8vDWen4DF%252FNECXHroOAgbdArWLZ4onI5%252BKj4G%252FQpJsngUCIxAaKFZnkIfhLInyLg5GDVGTzdEl%252B73WQV5YH0ApxarT6y86wfPFczO9f5z7K0pjRRCMZx65Qgyl9u%252FYwBJuilULtpZToTRUuXwD5vx3BZqHIv0uy1mL%252F88Vi6iqqfCorsf6pftubmPxRoA%252FZSd%252BndzUtgi3NETk3SbSFnbqjghPcpU%252Bonv89HAJLxwAYTulBbCYTcCGCSSHPEQcHJrIBoq2XEVDfFhceGQAKD7tHSSYaI4jLsOwrhFwalDRQjbmNZZuj7vvf6EX6vY9pMr7372X6vtLI9ewIxv2VDfJFHfN40OnRHBOx2Qew4LxLO7Y7%252BtfobVONAUIIvlT%252FqYbU5KII7ateO7J%252BcFuBc7ijLgNWF3G%252BNGNIhhuLekKjZP1FtmPd3toP6EhBdhF%252BJWik3voDOtnA4S3pvokjIJZlNYGVUOArAg4ibMrViHLGg1Wue9zXHMu5PcTkDNOVN3bm2dx8q%252FtuKER6d81aRPnN%252B4SZhkKP1VNYLnv6PS7LU%252Bz%252B5jkKt3iwYvQhcgJRIza10l4ooEV0MF4mj3lZTW%252F9Au8TMPCWcijTKyxR3EdKCPbhMNdR6XMVNtnJKj6jN5v3tnSqIigpaqZMTSxGJyBtShxr1fYESdQ%253D%253D%7Cclp%3A2334524%7Ctkp%3ABFBM8ur7r6xf&LH_BIN=1,eeemarket,22085,Movilesytelefonia,"PayPal,Apple Pay,Google Pay,Visa,Tarjeta Master,American Express","[('Estado:', 'Nuevo: Un artículo nuevo, sin usar, sin abrir, sin desperfectos y en el paquete original (en caso de ... '), ('Marca:', 'Apple'), ('MPN:', 'MGDY3ZD/A'), ('Modello:', 'Tipo:'), ('Capacità di memorizzazione:', 'on hold'), ('Colore:', 'EAN:')]",Nuevo,"			América, Europa, Asia",,,,smartphones,64 gb,,iphone 12 mini,new,"https://i.ebayimg.com/images/g/i5wAAOSwgNRhn~s9/s-l64.jpg,https://i.ebayimg.com/images/g/5bsAAOSwaQBhn~s9/s-l64.jpg,https://i.ebayimg.com/images/g/1ioAAOSwivhhn~s-/s-l64.jpg,https://i.ebayimg.com/images/g/ccgAAOSwRL9hn~s-/s-l64.jpg,https://i.ebayimg.com/images/g/Co4AAOSwiGBhn~s9/s-l64.jpg,https://i.ebayimg.com/images/g/i5wAAOSwgNRhn~s9/s-l300.jpg","pro,max"
Apple iPhone 12 mini azul 64 GB Android Smartphone móvil sin contrato,"722,90 EUR",iphone 12 mini 64 gb,vie. 10 dic.  y el mar. 14 dic. ,,Los consumidores tienen derecho a devolver el artículo según las condiciones que aparecen más abajo,"16,90 EUR",144306137368,https://www.ebay.es/itm/144306137368?hash=item219950e918%3Ag%3ANhMAAOSwa6Jfz17D&LH_BIN=1,price-guard,813032,Movilesytelefonia,"PayPal,Apple Pay,Google Pay,Visa,Tarjeta Master,American Express","[('Estado:', 'Nuevo: Un artículo nuevo, sin usar, sin abrir, sin desperfectos y en el paquete original (en caso de ... '), ('Modell:', 'Apple iPhone 12 mini'), ('Farbe:', 'Blau'), ('Speicherkapazität:', '64 GB'), ('EAN:', '0194252014233'), ('Marke:', 'Apple'), ('Hersteller:', 'Herstellernummer:'), ('MGE13ZD/A', 'Bildschirmgröße:'), ('5,4 Zoll', 'Frequenzband:'), ('LTE+5G', 'Besonderheiten:'), ('Barometer, Beschleunigungssensor, Elektronischer Kompass, eSIM, Fingerabdrucksensor, Gyroskop-Sensor, Näherungssensor, Umgebungslichtsensor', 'SIM-Karten-Steckplatz:'), ('1', 'Chipsatz Modell:'), ('Apple A14 Bionic', 'Prozessor:'), ('Hexa Core', 'RAM:'), ('4 GB', 'Stil:'), ('Candy Bar', 'Herstellergarantie:'), ('1 Jahr', 'Herstellergarantiebedingungen Link:'), ('https://apple.co/2PkcQZo', 'Modifizierter Artikel:'), ('Nein', 'CPU::'), ('Hexacore', 'MPN:'), ('MGE13ZDA', 'Betriebssystem:'), ('iOS', 'Konnektivität:'), ('5G, Bluetooth, Lightning, NFC, Wi-Fi', 'Kameraauflösung:'), ('12,0 Megapixel', 'Arbeitsspeicher:'), ('SIM Steckplatz:', 'DualSIM'), ('Sim Format:', 'Nano Sim, eSim'), ('Gerät:', 'Smartphone'), ('Erscheinungsjahr:', '2020'), ('Maße:', '131,5mm x 64,2mm x 7,4mm'), ('Mainboard-Marke:', '/'), ('Produktart:', 'Markenkompatibilität:'), ('Unterstützte Speicherkarte(n):', 'Abspielbares Medienformat:'), ('Armbandmaterial:', 'Brennweite:'), ('Chipsatz/GPU-Hersteller:', 'Fokussierung:'), ('Format:', 'Formfaktor:'), ('Gehäusegröße:', 'Internetanschluss:'), ('Kompatibles Betriebssystem:', 'Maximale Blende:')]",Nuevo,			Unión Europea,,,,smartphones,64 gb,,iphone 12 mini,new,"https://i.ebayimg.com/images/g/NhMAAOSwa6Jfz17D/s-l64.jpg,https://i.ebayimg.com/images/g/LZ4AAOSwhZFfz17D/s-l64.jpg,https://i.ebayimg.com/images/g/61QAAOSwm0tfz17D/s-l64.jpg,https://i.ebayimg.com/images/g/W2wAAOSwyCpfz17D/s-l64.jpg,https://i.ebayimg.com/images/g/NhMAAOSwa6Jfz17D/s-l300.jpg","pro,max"
Apple IPHONE 12 Mini - 64GB - Rojo - Mge03b/A (Libre),"775,67 EUR",iphone 12 mini 64 gb,vie. 3 dic. y el mié. 22 dic. ,,"reembolso de 30 días, el comprador paga los gastos de envío de la devolución","41,23 EUR",124946246852,https://www.ebay.es/itm/124946246852?hash=item1d17606cc4%3Ag%3AojQAAOSwbhNgUhh2&LH_BIN=1,p4peace,6873,Movilesytelefonia,"PayPal,Apple Pay,Google Pay,Visa,Tarjeta Master,American Express","[('Estado:', 'Abierto, sin usar: Un artículo nuevo, en estado excelente, que no muestra signos de uso o desgaste. ... '), ('Redes:', 'Libre'), ('Características:', 'Dual Cámara Trasera, Sensor de proximidad, Sensor de huellas dactilares'), ('Tamaño de pantalla:', '5.4 in'), ('Garantía del fabricante:', '1 año'), ('MPN:', 'MGE03B/A'), ('Capacidad de almacenamiento:', '64 GB'), ('RAM:', '4 GB'), ('Marca:', 'Apple'), ('Color:', 'Rojo'), ('Modelo:', 'Apple iPhone 12 mini'), ('Procesador:', 'Hexa Core'), ('Sistema operativo:', 'iOS'), ('Conectividad:', 'GPRS, 5G, Wi-Fi, NFC, Bluetooth')]","Abierto, sin usar",			Todo el mundo,,,,smartphones,64 gb,,iphone 12 mini,new,"https://i.ebayimg.com/images/g/ojQAAOSwbhNgUhh2/s-l64.jpg,https://i.ebayimg.com/images/g/mCAAAOSwMAhgUhhv/s-l64.jpg,https://i.ebayimg.com/images/g/U0YAAOSwajtgUhh0/s-l64.jpg,https://i.ebayimg.com/images/g/ojQAAOSwbhNgUhh2/s-l300.jpg","pro,max"
Apple IPHONE 12 Mini 5G 64GB Nuevo Original Teléfono Inteligente Ios Azul,"620,78 EUR",iphone 12 mini 64 gb,mar. 30 nov.  y el vie. 10 dic. ,,"reembolso de 30 días, el comprador paga los gastos de envío de la devolución",GRATIS,133929918362,https://www.ebay.es/itm/133929918362?hash=item1f2ed85f9a%3Ag%3AafMAAOSwTB1fuOoL&LH_BIN=1,eshopping.srl,71672,Movilesysmartphones,"PayPal,Apple Pay,Google Pay,Visa,Tarjeta Master,American Express","[('Estado:', 'Nuevo: Un artículo nuevo, sin usar, sin abrir, sin desperfectos y en el paquete original (en caso de ... '), ('Características:', 'GPRS, navegación internet, Pantalla a color, Correo electrónico////Web, e-mail, 3G, navegador satelital, Videollamada, Reproductor de mp3, Bluetooth, MMS (mensajería multimédia), Grabación de video 4K, pantalla táctil, GPS, mensajería instantánea, Cámara'), ('Tamaño de pantalla:', '5,4""'), ('Garantía del fabricante:', '2 años'), ('Color:', 'Azul'), ('Capacidad de almacenamiento:', '64 GB'), ('Marca:', 'Apple'), ('MPN:', 'MGE13ZD/A'), ('Inserción bundle:', 'No'), ('Artículo modificado:', 'Modelo:'), ('Apple iPhone 12 mini', 'Accesorios Incluidos:'), ('paquete sellado completa', 'Cargador:'), ('NO CIEGO INCLUIDO EN PAQUETE', 'Procesador:'), ('A14 biónico', 'Sistema operativo:'), ('iOS', 'Conectividad:'), ('GPRS, USB, GPS, Bluetooth, WAP, Tri banda, 4G, 5G, Wi-Fi, 3G, Cuatribanda', 'UPC:'), ('194252014233', 'EAN:')]",Nuevo,"			España, Alemania, Austria, Bélgica",,,,smartphones,64 gb,,iphone 12 mini,new,https://i.ebayimg.com/images/g/afMAAOSwTB1fuOoL/s-l300.png,"pro,max"
IPHONE 12 MINI 64GB BLACK NERO - NUOVO IMBALLATO - 5G - DUAL SIM ESIM,"598,00 EUR",iphone 12 mini 64 gb,mié. 1 dic. y el jue. 23 dic. ,,"reembolso de 14 días, el comprador paga los gastos de envío de la devolución","19,90 EUR",125011173198,https://www.ebay.es/itm/125011173198?hash=item1d1b3f1f4e%3Ag%3AIXQAAOSwZX1hlPCA&LH_BIN=1,store_dea,103,Movilesytelefonia,"PayPal,Apple Pay,Google Pay,Visa,Tarjeta Master,American Express","[('Estado:', 'Nuevo: Un artículo nuevo, sin usar, sin abrir, sin desperfectos y en el paquete original (en caso de ... '), ('Slot scheda SIM:', 'Dual SIM (SIM + eSIM)'), ('EAN:', '0194252013113'), ('Colore:', 'Nero'), ('Capacità di memorizzazione:', '64 GB'), ('Stile:', 'Classico'), ('MPN:', 'MGDX3QL/A'), ('Caratteristiche:', 'Sensore giroscopio, E-bussola, Sensore di prossimità, Sensore di luce ambientale, Accelerometro, Barometro, Sensore impronte digitali, eSIM'), ('Operatore:', 'Sbloccato'), ('Processore:', 'Hexa Core'), ('Risoluzione fotocamera:', '12,0 MP'), ('Modello:', 'Apple iPhone 12 mini'), ('Marca:', 'Apple'), ('Connettività:', '5G, Bluetooth, Wi-Fi, Lightning, NFC'), ('Dimensioni schermo:', '5,4""'), ('Sistema operativo:', 'iOS')]",Nuevo,"			Unión Europea, Reino Unido",,,,smartphones,64 gb,,iphone 12 mini,new,"https://i.ebayimg.com/images/g/IXQAAOSwZX1hlPCA/s-l64.jpg,https://i.ebayimg.com/images/g/kmcAAOSwaIRhlPB~/s-l64.jpg,https://i.ebayimg.com/images/g/0N0AAOSwYZdhlPB6/s-l64.jpg,https://i.ebayimg.com/images/g/n4EAAOSwvRlhlPB8/s-l64.jpg,https://i.ebayimg.com/images/g/MUkAAOSw3-5hlPCB/s-l64.jpg,https://i.ebayimg.com/images/g/IXQAAOSwZX1hlPCA/s-l300.jpg","pro,max"
"Apple iPhone 12 mini 5G smartphone dual-SIM 64 GB OLED display 5.4"" MJQF3ZD/A","875,90 EUR",iphone 12 mini 64 gb,mar. 7 dic. y el lun. 10 ene. ,,"reembolso de 60 días, el comprador paga los gastos de envío de la devolución","14,80 EUR",125008672206,https://www.ebay.es/itm/125008672206?_trkparms=ispr%3D1&hash=item1d1b18f5ce%3Ag%3AeZ0AAOSwivRhlj8J&amdata=enc%3AAQAGAAACoPYe5NmHp%252B2JMhMi7yxGiTJkPrKr5t53CooMSQt2orsSxXDXcCydCuSj2Tq2S%252F3Gnop5199fCAlTW2lSsa0ghl39v%252FaBloxHn33jCkKgfmSKeIR7cwu%252Frhe9fRFuRbyfZJThcOVaBe4%252FUHGN4l6xkKmf7H5CWzah9Voa4GQ3mADjH3yJKtKS8%252FeNDG5juVqwHhpmODGhzniifqRwdKlWBf6q9VrGC4K9ao1QMxC7F6kz%252B%252BhdVge4eVEZ5U3kC3FWG1SAP6PeSZ%252FUuIU5YYfTxj%252BjvzbothcNhQ0xhTqB21u1yD%252FDktMKMLxvjEfhguEFnslJcJaYtHC%252F13Ipm41D4kiqdIvBdCfHMw0v8oH4DfmcdcSJa0oRZx8%252FVXdSZufEwyuei58yXZ1qgDts9rgYALz2EU9x7sGZXjkYplhCKvSBRfnzokmb7qoYWjVyenPO9lYM7NMFpl53ZcMg4au3wgO5LDP0Rqv6%252FBHXp7W4ZgJmUTSMn5HRgvw3XYvSmFn0l4Lo4COOPk7cWTkbhea9IOtYaV10QPGFYfkeumu3l0EUh4qW4XAypiVKv%252Bk2GR7XMYPClzrc392%252BraFObpDLHN%252Brpq5cA3cJikL8kmwMBhh5Sv3sBdO5Pojz%252FTQu9At46gRfhCI1fFEDMVHeSY3bd%252FreI8Gt4QuY1FNEamB%252FeCMh2lW065HRvbAvtRMFxrUt%252BAVLg0luQWUFPcOgp%252BmhfeQIfsmoaW9Q%252FPLBofHwe35MFsOHNUPBKx5Qy95slLZX%252FTWJ6hpZRYm1E8rtNJ2J05D%252B78g92LRhnBARGyZf0676dIRthOogrmxOSgOSna6nvgZut9%252Bmy9%252FYDjcid%252B1VGNL7Olo5NOLBf5SP74azTSxQrkcoxo3YTCm7XO7Rs0abAA%253D%253D%7Cclp%3A2334524%7Ctkp%3ABFBM8ur7r6xf&LH_BIN=1,eeemarket,22085,Movilesytelefonia,"PayPal,Apple Pay,Google Pay,Visa,Tarjeta Master,American Express","[('Estado:', 'Nuevo: Un artículo nuevo, sin usar, sin abrir, sin desperfectos y en el paquete original (en caso de ... '), ('Marca:', 'Apple'), ('Modello:', 'MJQF3ZD/A'), ('Tipo:', 'MPN:'), ('Capacità di memorizzazione:', 'on hold'), ('Colore:', 'EAN:')]",Nuevo,"			América, Europa, Asia",,,,smartphones,64 gb,,iphone 12 mini,new,"https://i.ebayimg.com/images/g/eZ0AAOSwivRhlj8J/s-l64.jpg,https://i.ebayimg.com/images/g/uBMAAOSwKxdhlj8J/s-l64.jpg,https://i.ebayimg.com/images/g/saEAAOSwddVhlj8K/s-l64.jpg,https://i.ebayimg.com/images/g/Oh4AAOSwNDFhlj8K/s-l64.jpg,https://i.ebayimg.com/images/g/eZ0AAOSwivRhlj8J/s-l300.jpg","pro,max"
Apple iPhone 12 Mini 64GB - White EU,"682,70 EUR",iphone 12 mini 64 gb,jue. 2 dic. y el mié. 5 ene.,,"reembolso de 30 días, el comprador paga los gastos de envío de la devolución","15,00 EUR",224711771747,https://www.ebay.es/itm/224711771747?hash=item3451dd8663%3Ag%3A7sAAAOSwv6hhok0-&LH_BIN=1,ediscounts,1380,Movilesytelefonia,"PayPal,Apple Pay,Google Pay,Visa,Tarjeta Master,American Express","[('Estado:', 'Nuevo: Un artículo nuevo, sin usar, sin abrir, sin desperfectos y en el paquete original (en caso de ... '), ('Stato di blocco:', 'Sbloccato da fabbrica'), ('Memoria RAM:', '4GB'), ('Garanzia produttore:', '2 anni'), ('Contratto:', 'Senza contratto'), ('UPC:', '0194252013458'), ('EAN:', 'Colore:'), ('Bianco', 'Capacità di memorizzazione:'), ('64 GB', 'Stile:'), ('Classico', 'MPN:'), ('MGDY3QL/A', 'Caratteristiche:'), ('Sensore giroscopio, E-bussola, Sensore di prossimità, Sensore di luce ambientale, Accelerometro, Barometro, Sensore impronte digitali, eSIM', 'Operatore:'), ('Sbloccato', 'Processore:'), ('Hexa Core', 'Risoluzione fotocamera:'), ('12,0 MP', 'Modello:'), ('Apple iPhone 12 mini', 'Marca:'), ('Apple', 'Connettività:'), ('5G, Bluetooth, Wi-Fi, Lightning, NFC', 'Dimensioni schermo:'), ('5,4""', 'Sistema operativo:')]",Nuevo,			Europa,,,,smartphones,64 gb,,iphone 12 mini,new,"https://i.ebayimg.com/images/g/7sAAAOSwv6hhok0-/s-l64.png,https://i.ebayimg.com/images/g/SNkAAOSwN19hok0-/s-l64.png,https://i.ebayimg.com/images/g/VC0AAOSwpDJhok0~/s-l64.jpg,https://i.ebayimg.com/images/g/1NkAAOSwmRBhok0-/s-l64.jpg,https://i.ebayimg.com/images/g/7sAAAOSwv6hhok0-/s-l300.png","pro,max"
"Apple iPhone 12 mini 64gb, negra, Joyce smartphone kundenretoure como nuevo","609,99 EUR",iphone 12 mini 64 gb,lun. 13 dic.  y el mié. 15 dic. ,,Los consumidores tienen derecho a devolver el artículo según las condiciones que aparecen más abajo,"8,99 EUR",203656364581,https://www.ebay.es/itm/203656364581?hash=item2f6add8225%3Ag%3ARkcAAOSw70FhbYXv&LH_BIN=1,talk-point-gmbh2,301372,Movilesytelefonia,"PayPal,Apple Pay,Google Pay,Visa,Tarjeta Master,American Express","[('UPC:', '194252013212'), ('Hersteller:', 'Apple'), ('EAN:', '0194252013212'), ('Stil:', 'Candy Bar'), ('Besonderheiten:', 'Elektronischer Kompass, Gyroskop-Sensor, Näherungssensor, Umgebungslichtsensor, Beschleunigungssensor, Fingerabdrucksensor, Barometer, eSIM'), ('Kameraauflösung:', '12,0 Megapixel'), ('Prozessor:', 'Hexa Core'), ('Mobilfunkbetreiber:', 'Ohne Simlock'), ('Betriebssystem:', 'iOS'), ('Bildschirmgröße:', '5,4 Zoll'), ('Herstellernummer:', 'MGDX3ZD/A'), ('Farbe:', 'Schwarz'), ('Marke:', 'Modell:'), ('Apple iPhone 12 mini', 'Konnektivität:'), ('5G, Bluetooth, Wi-Fi, Lightning, NFC', 'Speicherkapazität:')]",--,			Unión Europea,							,,,smartphones,64 gb,,iphone 12 mini,new,"https://i.ebayimg.com/images/g/RkcAAOSw70FhbYXv/s-l64.jpg,https://i.ebayimg.com/images/g/mAYAAOSwKDZhbYXt/s-l64.jpg,https://i.ebayimg.com/images/g/Is0AAOSwRbdhbYXt/s-l64.jpg,https://i.ebayimg.com/images/g/3tYAAOSwamZhbYXt/s-l64.jpg,https://i.ebayimg.com/images/g/RkcAAOSw70FhbYXv/s-l300.jpg","pro,max"
Apple iPhone 12 mini - 64 GB,"679,00 EUR",iphone 12 mini 64 gb,lun. 13 dic.  y el mié. 15 dic. ,"<span id=""sel-msku-variation"" style=""display:none"">-1</span>",No se aceptan devoluciones,"2,90 EUR",124975510085,https://www.ebay.es/itm/124975510085?hash=item1d191ef245%3Ag%3AEUYAAOSwGUVheYQ7&LH_BIN=1,sbdirect24,43465,Movilesytelefonia,"PayPal,Apple Pay,Google Pay,Visa,Tarjeta Master,American Express","[('Estado:', 'Abierto, sin usar:'), ('Notas del vendedor:', '“Gerät aus Kundenwiderruf, technisch überprüft und auf Werkseinstellungen gesetzt. Lieferung mit Rechnung.”'), ('Marke:', 'Apple'), ('Modell:', 'IPhone 12 Mini'), ('Speicherkapazität:', '64 GB'), ('Herstellernummer:', 'MGE03ZD/A')]","Abierto, sin usar",			Europa,,,,smartphones,64 gb,,iphone 12 mini,new,https://i.ebayimg.com/images/g/EUYAAOSwGUVheYQ7/s-l300.jpg,"pro,max"
Apple iPhone 12 mini (64 GB) negro Super Retina XDR Display sistema de dos cámaras,"739,90 EUR",iphone 12 mini 64 gb,vie. 10 dic.  y el mar. 14 dic. ,,Los consumidores tienen derecho a devolver el artículo según las condiciones que aparecen más abajo,"16,90 EUR",194536594653,https://www.ebay.es/itm/194536594653?hash=item2d4b48dcdd%3Ag%3AdiEAAOSwvKZft5No&LH_BIN=1,price-guard,813032,Movilesytelefonia,"PayPal,Apple Pay,Google Pay,Visa,Tarjeta Master,American Express","[('Estado:', 'Nuevo: Un artículo nuevo, sin usar, sin abrir, sin desperfectos y en el paquete original (en caso de ... '), ('EAN:', '0194252013212'), ('Hersteller:', 'Apple'), ('Frequenzband:', 'LTE+5G'), ('SIM-Karten-Steckplatz:', '1'), ('Chipsatz Modell:', 'Apple A14 Bionic'), ('Herstellergarantiebedingungen Link:', 'https://apple.co/2PkcQZo'), ('Modifizierter Artikel:', 'Nein'), ('CPU::', 'Hexacore'), ('RAM:', '4 GB'), ('Herstellergarantie:', '1 Jahr'), ('Modellnummer:', 'A2399'), ('Äußerer Zustand:', 'Exzellent'), ('Originalverpackung:', 'Ja'), ('Ladegerät und Kabel:', 'UPC:'), ('194252013212', 'Stil:'), ('Candy Bar', 'Besonderheiten:'), ('Elektronischer Kompass, Gyroskop-Sensor, Näherungssensor, Umgebungslichtsensor, Beschleunigungssensor, Fingerabdrucksensor, Barometer, eSIM', 'Kameraauflösung:'), ('12,0 Megapixel', 'Prozessor:'), ('Hexa Core', 'Mobilfunkbetreiber:'), ('Ohne Simlock', 'Betriebssystem:'), ('iOS', 'Bildschirmgröße:'), ('5,4 Zoll', 'Herstellernummer:'), ('MGDX3ZD/A', 'Farbe:'), ('Schwarz', 'Marke:'), ('Modell:', 'Apple iPhone 12 mini'), ('Konnektivität:', '5G, Bluetooth, Wi-Fi, Lightning, NFC'), ('Speicherkapazität:', '64 GB')]",Nuevo,			Unión Europea,							,,,smartphones,64 gb,,iphone 12 mini,new,"https://i.ebayimg.com/images/g/diEAAOSwvKZft5No/s-l64.jpg,https://i.ebayimg.com/images/g/R5wAAOSwdLpft5Nn/s-l64.jpg,https://i.ebayimg.com/images/g/XJEAAOSwcJhft5No/s-l64.jpg,https://i.ebayimg.com/images/g/diEAAOSwvKZft5No/s-l300.jpg","pro,max"
Apple IPHONE 12 Mini 5G 64GB Nuevo Original Teléfono Inteligente Ios (N) Rojo,"620,78 EUR",iphone 12 mini 64 gb,mar. 30 nov.  y el vie. 10 dic. ,,"reembolso de 30 días, el comprador paga los gastos de envío de la devolución",GRATIS,144296686924,https://www.ebay.es/itm/144296686924?hash=item2198c0b54c%3Ag%3AbocAAOSwwlNfs%7E7e&LH_BIN=1,eshopping.srl,71672,Movilesysmartphones,"PayPal,Apple Pay,Google Pay,Visa,Tarjeta Master,American Express","[('Estado:', 'Nuevo: Un artículo nuevo, sin usar, sin abrir, sin desperfectos y en el paquete original (en caso de ... '), ('Características:', 'GPRS, navegación internet, Pantalla a color, Correo electrónico////Web, e-mail, 3G, navegador satelital, Videollamada, Reproductor de mp3, Bluetooth, MMS (mensajería multimédia), Grabación de video 4K, pantalla táctil, GPS, mensajería instantánea, Cámara'), ('Tamaño de pantalla:', '5,4""'), ('Garantía del fabricante:', '2 años'), ('Color:', 'Rojo'), ('Capacidad de almacenamiento:', '64 GB'), ('Marca:', 'Apple'), ('MPN:', 'MGE03QL/A'), ('Inserción bundle:', 'No'), ('Artículo modificado:', 'Modelo:'), ('Apple iPhone 12 mini', 'Accesorios Incluidos:'), ('paquete sellado completa', 'Cargador:'), ('NO CIEGO INCLUIDO EN PAQUETE', 'Procesador:'), ('A14 biónico', 'Sistema operativo:'), ('iOS', 'Conectividad:'), ('GPRS, USB, GPS, Bluetooth, WAP, Tri banda, 4G, 5G, Wi-Fi, 3G, Cuatribanda', 'UPC:'), ('194252013793', 'EAN:')]",Nuevo,"			España, Alemania, Austria, Bélgica",,,,smartphones,64 gb,,iphone 12 mini,new,https://i.ebayimg.com/images/g/bocAAOSwwlNfs~7e/s-l300.png,"pro,max"
> Apple iPhone 12 mini 64gb Green (mge23zd/a),"890,90 EUR",iphone 12 mini 64 gb,jue. 16 dic.  y el lun. 20 dic. ,,Los consumidores tienen derecho a devolver el artículo según las condiciones que aparecen más abajo,"46,00 EUR",293952169068,https://www.ebay.es/itm/293952169068?hash=item4470ea246c%3Ag%3APjYAAOSw8PNf%7EZVp&LH_BIN=1,digi-techx,16293,Movilesytelefonia,"PayPal,Apple Pay,Google Pay,Visa,Tarjeta Master,American Express","[('Estado:', 'Nuevo: Un artículo nuevo, sin usar, sin abrir, sin desperfectos y en el paquete original (en caso de ... '), ('Herstellernummer:', 'MGE23ZD/A'), ('Hersteller:', 'Apple'), ('Mainboard-Marke:', '-/-'), ('Marke:', 'Produktart:'), ('Modell:', 'Markenkompatibilität:'), ('Unterstützte Speicherkarte(n):', 'Abspielbares Medienformat:'), ('Armbandmaterial:', 'Bildschirmgröße:'), ('Brennweite:', 'Chipsatz/GPU-Hersteller:'), ('Chipsatz Modell:', 'Farbe:'), ('Fokussierung:', 'Format:'), ('Formfaktor:', 'Gehäusegröße:'), ('Internetanschluss:', 'Kompatibles Betriebssystem:'), ('Konnektivität:', 'Maximale Blende:'), ('Maximale Vergrößerung:', 'Objektivanschluss:'), ('Prozessor:', 'Prozessormodell:'), ('Speicherkapazität:', 'ISBN:'), ('Batterie inklusive:', 'Geeigneter Herdtyp:'), ('Spannung:', 'EAN:')]",Nuevo,			Todo el mundo,,,,smartphones,64 gb,,iphone 12 mini,new,https://i.ebayimg.com/images/g/PjYAAOSw8PNf~ZVp/s-l300.jpg,"pro,max"
"Apple iPhone 12 mini 5G smartphone dual-SIM 64 GB OLED display 5.4"" MGE23ZD/A","829,90 EUR",iphone 12 mini 64 gb,mar. 7 dic. y el lun. 10 ene. ,,"reembolso de 60 días, el comprador paga los gastos de envío de la devolución","14,80 EUR",304222097487,https://www.ebay.es/itm/304222097487?hash=item46d50cd04f%3Ag%3AVc4AAOSwvmNhjeIS&LH_BIN=1,eeemarket,22085,Movilesytelefonia,"PayPal,Apple Pay,Google Pay,Visa,Tarjeta Master,American Express","[('Estado:', 'Nuevo: Un artículo nuevo, sin usar, sin abrir, sin desperfectos y en el paquete original (en caso de ... '), ('Marca:', 'Apple'), ('MPN:', 'MGE23ZD/A'), ('Modello:', 'Tipo:'), ('Capacità di memorizzazione:', 'on hold'), ('Colore:', 'EAN:')]",Nuevo,"			América, Europa, Asia",,,,smartphones,64 gb,,iphone 12 mini,new,"https://i.ebayimg.com/images/g/Vc4AAOSwvmNhjeIS/s-l64.jpg,https://i.ebayimg.com/images/g/JV4AAOSwewVhjeIR/s-l64.jpg,https://i.ebayimg.com/images/g/LwIAAOSwQhFhjeIS/s-l64.jpg,https://i.ebayimg.com/images/g/MwkAAOSwT7NhjeIS/s-l64.jpg,https://i.ebayimg.com/images/g/t3AAAOSwb21hjeIS/s-l64.jpg,https://i.ebayimg.com/images/g/Vc4AAOSwvmNhjeIS/s-l300.jpg","pro,max"
Apple iPhone 12 mini 64gb rojo,"804,90 EUR",iphone 12 mini 64 gb,mié. 1 dic. y el jue. 23 dic. ,,Los consumidores tienen derecho a devolver el artículo según las condiciones que aparecen más abajo,"20,00 EUR",313718682970,https://www.ebay.es/itm/313718682970?hash=item490b17355a%3Ag%3AAg0AAOSwmtJhcAEQ&LH_BIN=1,gernems,36,Movilesytelefonia,"PayPal,Apple Pay,Google Pay,Visa,Tarjeta Master,American Express","[('Estado:', 'Nuevo: Un artículo nuevo, sin usar, sin abrir, sin desperfectos y en el paquete original (en caso de ... '), ('Marke:', 'Apple'), ('Modell:', 'Apple iPhone 12 mini'), ('Farbe:', 'Rot'), ('Speicherkapazität:', '64 GB'), ('RAM:', '4 GB'), ('Mobilfunkbetreiber:', 'Ohne Simlock'), ('Betriebssystem:', 'iOS'), ('SIM-Karten-Steckplatz:', '5G, Bluetooth, Wi-Fi, Lightning, NFC'), ('Prozessor:', 'Hexa Core'), ('Herstellernummer:', 'MGE03ZD/A'), ('Konnektivität:', 'Bildschirmgröße:'), ('5,4 Zoll', 'Kameraauflösung:'), ('12,0 Megapixel', 'Vertrag:'), ('Ohne Vertrag', 'Stil:'), ('Candy Bar', 'EAN:')]",Nuevo,			Europa,,,,smartphones,64 gb,,iphone 12 mini,new,https://i.ebayimg.com/images/g/Ag0AAOSwmtJhcAEQ/s-l300.jpg,"pro,max"
"Apple iPhone 12 mini 64 gb 5,4"" Super retina XDR display 5g a14 12 Bionic MP","727,79 EUR",iphone 12 mini 64 gb,mar. 14 dic.  y el jue. 16 dic. ,,Los consumidores tienen derecho a devolver el artículo según las condiciones que aparecen más abajo,"14,90 EUR",265322261788,https://www.ebay.es/itm/265322261788?hash=item3dc6706d1c%3Ag%3ApWYAAOSw2j1gYzzA&LH_BIN=1,deltatecc-prime,38023,Movilesytelefonia,"PayPal,Apple Pay,Google Pay,Visa,Tarjeta Master,American Express","[('Estado:', 'Nuevo: Un artículo nuevo, sin usar, sin abrir, sin desperfectos y en el paquete original (en caso de ... '), ('Marke:', 'Apple'), ('Modell:', 'iPhone 12 mini Smartphone'), ('Farbe:', 'Rot'), ('Speicherkapazität:', '64 GB'), ('Konnektivität:', '2G, 3G, 4G, 5G, Lightning'), ('Betriebssystem:', 'iOS'), ('Besonderheiten:', '4K-Filmaufnahmen, Dual-Rückkamera, Frontkamera, Nachtmodus, Retina-Display, Ultra-Weitwinkel Kamera'), ('Bildschirmgröße:', '5,4 Zoll'), ('Kameraauflösung:', '12,0 Megapixel'), ('EAN:', '0194252013892'), ('Herstellernummer:', 'Nicht zutreffend')]",Nuevo,			Unión Europea,,,,smartphones,64 gb,,iphone 12 mini,new,"https://i.ebayimg.com/images/g/pWYAAOSw2j1gYzzA/s-l64.jpg,https://i.ebayimg.com/images/g/6icAAOSw0iJgYzzD/s-l64.jpg,https://i.ebayimg.com/images/g/5eIAAOSwgptgYzzF/s-l64.jpg,https://i.ebayimg.com/images/g/BcoAAOSwWxtgYzzH/s-l64.jpg,https://i.ebayimg.com/images/g/pWYAAOSw2j1gYzzA/s-l300.jpg","pro,max"
"Apple iPhone 12 mini Ios smartphone 5g 2020 5,4"" ip68 a14 chip 64gb 128gb 256gb","819,95 EUR",iphone 12 mini 64 gb,vie. 10 dic.  y el mar. 14 dic. ,"<span id=""sel-msku-variation"" style=""display:none"">494073259959</span>",Los consumidores tienen derecho a devolver el artículo según las condiciones que aparecen más abajo,"15,90 EUR",193848184246,https://www.ebay.es/itm/193848184246?_trkparms=ispr%3D1&hash=item2d22408db6%3Ag%3AkAIAAOSwZZFf%7Etw7&amdata=enc%3AAQAGAAACoPYe5NmHp%252B2JMhMi7yxGiTJkPrKr5t53CooMSQt2orsSd3M8ngECaRA0SmyU4KT%252Fnt%252BLc3hj51wYAgCCUw9RbsX5BZdKOOk2SGoGK46ILKFTjO5LpTCT0wyf4BqtL34VMnEoZ22HAaIp4Ip4ADX%252FH%252FVzx41nZujNKrbgEVAWHS7DxoExvPKtY16N8MSaTp7cJPgmO2tVDVYTue95rS81fZX2m4pjgTNSRTUE3CUX2ThYxyCTouvSUvRU%252BzuQ4lP%252BVygKHsOkc1ekjs0MpRKnvjU5r%252BX5n8tsYEWPISNmzRMr0WemdclBLEzsXGwAkTVNb8nJMfqIjHPZzL2p54qE1CgoPCCHFTzji76eSgeCQ7b%252FLBEEsjQRI%252FZJPyNPV%252F2mIe1KqBj43I0iFQBck%252Blzy5h4mcSbiZeJ8vy0hxZ%252BOj3YJeWEzS0wiW4UGtzPIbmanPtxwx75CTGaryuur8MfuG%252F8UEug1wNVERJHHCtPsW7CxnsV%252Fgwhycux%252F%252FJgGnU%252FvfV2aIghEBvjrBFdmuyDSVTurkHeA7C4FiR5B3wgkIVcRnrzU86m3sPSGF9Aa8SpRa8P8Lpcd4y%252Fr5nIaI0QF6nkAOluctqaDiwP7bP4aWZvCA%252BFQJczZFuLFiAbRG3X2%252B%252FWLTEjd1B4gs4WKWR6w14u3%252BUqimSieEgldYSoP6VBKQdd6Z%252BESHs2OoR6n%252BNaIQ5cVNfvO2fqVgTJfMQI5ScVI7j%252FutlcVs8X5nGSTTJZdWb4oKldlCWRsPv0mTYIKeo%252FBVdxMtZjA5pfy%252FLQOxh4WhUSW3w35syxQ2vrxoYm8M2ZRR4%252BkQeTCJZCCQEU%252BZOyRJXyVkGvpMBz1ufeTFsBKFxZ0Uod5xzUU%252B4G6gocaJTMzeFProE82OwHzjXE1w%253D%253D%7Cclp%3A2334524%7Ctkp%3ABFBM8ur7r6xf&LH_BIN=1,fonesearch,111994,Movilesytelefonia,"PayPal,Apple Pay,Google Pay,Visa,Tarjeta Master,American Express","[('Estado:', 'Nuevo: Un artículo nuevo, sin usar, sin abrir, sin desperfectos y en el paquete original (en caso de ... '), ('Bildschirmgröße:', '5,4 Zoll'), ('Speicherkartenformat:', 'MicroSD'), ('Besonderheiten:', '3D-Tiefenkamrea, 3D-Tiefensensor, 4K-Filmaufnahmen, Active Edge, AMOLED-Display, Barometer, Beschleunigungssensor, Bewegungs- und Gestensteuerung'), ('SIM-Karten-Steckplatz:', 'Dual SIM'), ('Marke:', 'Apple'), ('Modell:', 'Iphone 12 Mini'), ('Herstellernummer:', 'Nicht zutreffend'), ('Angebotspaket:', 'Nein'), ('Mobilfunkbetreiber:', 'Ohne Simlock'), ('Betriebssystem:', 'IOS'), ('Vertrag:', 'Ohne Vertrag'), ('Konnektivität:', '2G, 3G, 4G, 4G+, 5G, Bluetooth, Dual-Band, GPRS, GPS'), ('Sperrstatus:', 'Frei ab Werk'), ('Kameraauflösung:', '12,0 Megapixel')]",Nuevo,			Unión Europea,,,,smartphones,64 gb,,iphone 12 mini,new,"https://i.ebayimg.com/images/g/kAIAAOSwZZFf~tw7/s-l64.jpg,https://i.ebayimg.com/images/g/adEAAOSwJjlg2x4X/s-l64.jpg,https://i.ebayimg.com/images/g/zesAAOSwkpBg2x4a/s-l64.jpg,https://i.ebayimg.com/images/g/HeIAAOSwvw5f~txl/s-l64.jpg,https://i.ebayimg.com/images/g/nYgAAOSwu1Nf~txn/s-l64.jpg,https://i.ebayimg.com/images/g/VsQAAOSwqc5f~txq/s-l64.jpg,https://i.ebayimg.com/images/g/yKAAAOSwHYpf~txL/s-l64.jpg,https://i.ebayimg.com/images/g/sJsAAOSwvERf~txM/s-l64.jpg,https://i.ebayimg.com/images/g/t40AAOSwfW1f~txP/s-l64.jpg,https://i.ebayimg.com/images/g/0XcAAOSwEOdf~txR/s-l64.jpg,https://i.ebayimg.com/images/g/~rcAAOSwUrJf~txb/s-l64.jpg,https://i.ebayimg.com/images/g/hF0AAOSwMiFf~txd/s-l64.jpg,https://i.ebayimg.com/images/g/2XYAAOSwTBZf~txg/s-l64.jpg,https://i.ebayimg.com/images/g/m2EAAOSwPH1f~txi/s-l64.jpg,https://i.ebayimg.com/images/g/VaEAAOSwq8lf~txT/s-l64.jpg,https://i.ebayimg.com/images/g/~agAAOSwaANf~txV/s-l64.jpg,https://i.ebayimg.com/images/g/VBMAAOSwOE1f~txX/s-l64.jpg,https://i.ebayimg.com/images/g/tGcAAOSwn1Nf~txZ/s-l64.jpg,https://i.ebayimg.com/images/g/1EsAAOSwj~hf~txE/s-l64.jpg,https://i.ebayimg.com/images/g/t14AAOSwzM5f~txG/s-l64.jpg,https://i.ebayimg.com/images/g/rZYAAOSwntRf~txJ/s-l64.jpg,https://i.ebayimg.com/images/g/kAIAAOSwZZFf~tw7/s-l300.jpg","pro,max"
Apple Iphone 12 Mini 64gb White Nacional Precintado Envío Rápido 24H! ,"679,00 EUR",iphone 12 mini 64 gb,mar. 30 nov. ,,"reembolso de 30 días, el comprador paga los gastos de envío de la devolución",Entrega gratis en 1 día,255068234914,https://www.ebay.es/itm/255068234914?hash=item3b634064a2%3Ag%3AVpwAAOSwQ3hgGpaA&LH_BIN=1,telefoniapcs,1799,Movilesysmartphones,"PayPal,Apple Pay,Google Pay,Visa,Tarjeta Master,American Express","[('Estado:', 'Nuevo: Un artículo nuevo, sin usar, sin abrir, sin desperfectos y en el paquete original (en caso de ... '), ('Capacidad de almacenamiento:', '64 GB'), ('Procesador:', 'Octa Core A14 Bionic'), ('Operador:', 'Desbloqueado'), ('Resolución de cámara:', '12,0 MP'), ('Marca:', 'Apple'), ('Sistema operativo:', 'iOS'), ('Modelo:', 'iPhone 12 mini'), ('Número de modelo:', 'A2399'), ('Garantía del fabricante:', 'Otro: véase la descripción del producto'), ('RAM:', '4 GB'), ('Color:', 'BLANCO'), ('MPN:', 'MGDY3QL/A'), ('Tamaño de pantalla:', '5,4""'), ('Color principal:', 'Ranura para tarjeta SIM:'), ('SIM doble', 'Estado de bloqueo:'), ('Desbloqueado de fábrica', 'Conectividad:'), ('5G', 'EAN:')]",Nuevo,			Europa,,,,smartphones,64 gb,,iphone 12 mini,new,"https://i.ebayimg.com/images/g/VpwAAOSwQ3hgGpaA/s-l64.jpg,https://i.ebayimg.com/images/g/CuwAAOSwcM5gGpZ-/s-l64.jpg,https://i.ebayimg.com/images/g/T94AAOSwmsdgGpZ6/s-l64.jpg,https://i.ebayimg.com/images/g/N04AAOSwN~5gGpZ7/s-l64.jpg,https://i.ebayimg.com/images/g/cjUAAOSwvtNgGpZ9/s-l64.jpg,https://i.ebayimg.com/images/g/VpwAAOSwQ3hgGpaA/s-l300.jpg","pro,max"
Apple iPhone 12 mini - Smartphone - dual SIM - 5G NR - 64 GB - 5.4'' (MGDY3B/A),"975,00 EUR",iphone 12 mini 64 gb,jue. 16 dic.  y el lun. 20 dic. ,,Los consumidores tienen derecho a devolver el artículo según las condiciones que aparecen más abajo,"35,00 EUR",363627235722,https://www.ebay.es/itm/363627235722?hash=item54a9df498a%3Ag%3A7QsAAOSwNLthl5jn&LH_BIN=1,digi-techx,16293,Movilesytelefonia,"PayPal,Apple Pay,Google Pay,Visa,Tarjeta Master,American Express","[('Estado:', 'Nuevo: Un artículo nuevo, sin usar, sin abrir, sin desperfectos y en el paquete original (en caso de ... '), ('Herstellernummer:', 'MGDY3B/A'), ('Hersteller:', 'Apple'), ('Mainboard-Marke:', '-/-'), ('Marke:', 'Produktart:'), ('Modell:', 'Markenkompatibilität:'), ('Unterstützte Speicherkarte(n):', 'Abspielbares Medienformat:'), ('Armbandmaterial:', 'Bildschirmgröße:'), ('Brennweite:', 'Chipsatz/GPU-Hersteller:'), ('Chipsatz Modell:', 'Farbe:'), ('Fokussierung:', 'Format:'), ('Formfaktor:', 'Gehäusegröße:'), ('Internetanschluss:', 'Kompatibles Betriebssystem:'), ('Konnektivität:', 'Maximale Blende:'), ('Maximale Vergrößerung:', 'Objektivanschluss:'), ('Prozessor:', 'Prozessormodell:'), ('Speicherkapazität:', 'ISBN:'), ('Batterie inklusive:', 'Geeigneter Herdtyp:'), ('Spannung:', 'EAN:')]",Nuevo,			Todo el mundo,,,,smartphones,64 gb,,iphone 12 mini,new,https://i.ebayimg.com/images/g/7QsAAOSwNLthl5jn/s-l300.jpg,"pro,max"
Apple iPhone 12 mini 64 gb rojo bloqueo SIM nuevo! **,"649,99 EUR",iphone 12 mini 64 gb,jue. 2 dic. y el mié. 15 dic. ,,Los consumidores tienen derecho a devolver el artículo según las condiciones que aparecen más abajo,"10,90 EUR",265238076470,https://www.ebay.es/itm/265238076470?hash=item3dc16bdc36%3Ag%3AnOwAAOSwyFhhOJ54&LH_BIN=1,asgoodasnew-premium,26009,Movilesytelefonia,"PayPal,Apple Pay,Google Pay,Visa,Tarjeta Master,American Express","[('Estado:', 'Nuevo: Un artículo nuevo, sin usar, sin abrir, sin desperfectos y en el paquete original (en caso de ... '), ('EAN:', '0194252013892'), ('optischer Zustand:', 'neu'), ('Beschreibung des optischen Zustands:', 'Neuer, unbenutzer Artikel in Originalverpackung.'), ('Produktart:', 'Smartphone'), ('UPC:', 'Stil:'), ('Candy Bar', 'Besonderheiten:'), ('Elektronischer Kompass, Gyroskop-Sensor, Näherungssensor, Umgebungslichtsensor, Beschleunigungssensor, Fingerabdrucksensor, Barometer, eSIM', 'Kameraauflösung:'), ('12,0 Megapixel', 'Prozessor:'), ('Hexa Core', 'Mobilfunkbetreiber:'), ('Ohne Simlock', 'Betriebssystem:'), ('iOS', 'Bildschirmgröße:'), ('5,4 Zoll', 'Herstellernummer:'), ('MGE03ZD/A', 'Marke:'), ('Apple', 'Farbe:'), ('Rot', 'Modell:'), ('Apple iPhone 12 mini', 'Konnektivität:'), ('5G, Bluetooth, Wi-Fi, Lightning, NFC', 'Speicherkapazität:')]",Nuevo,			Europa,,,,smartphones,64 gb,,iphone 12 mini,new,https://i.ebayimg.com/images/g/nOwAAOSwyFhhOJ54/s-l300.jpg,"pro,max"
> Apple iPhone 12 mini 64GB Azul (MGE13ZD/A),"890,90 EUR",iphone 12 mini 64 gb,jue. 16 dic.  y el lun. 20 dic. ,,Los consumidores tienen derecho a devolver el artículo según las condiciones que aparecen más abajo,"46,00 EUR",294561928907,https://www.ebay.es/itm/294561928907?hash=item44954256cb%3Ag%3ApbgAAOSwr3Vhl5jp&LH_BIN=1,digi-techx,16293,Movilesytelefonia,"PayPal,Apple Pay,Google Pay,Visa,Tarjeta Master,American Express","[('Estado:', 'Nuevo: Un artículo nuevo, sin usar, sin abrir, sin desperfectos y en el paquete original (en caso de ... '), ('Herstellernummer:', 'MGE13ZD/A'), ('Hersteller:', 'Apple'), ('Mainboard-Marke:', '-/-'), ('Marke:', 'Produktart:'), ('Modell:', 'Markenkompatibilität:'), ('Unterstützte Speicherkarte(n):', 'Abspielbares Medienformat:'), ('Armbandmaterial:', 'Bildschirmgröße:'), ('Brennweite:', 'Chipsatz/GPU-Hersteller:'), ('Chipsatz Modell:', 'Farbe:'), ('Fokussierung:', 'Format:'), ('Formfaktor:', 'Gehäusegröße:'), ('Internetanschluss:', 'Kompatibles Betriebssystem:'), ('Konnektivität:', 'Maximale Blende:'), ('Maximale Vergrößerung:', 'Objektivanschluss:'), ('Prozessor:', 'Prozessormodell:'), ('Speicherkapazität:', 'ISBN:'), ('Batterie inklusive:', 'Geeigneter Herdtyp:'), ('Spannung:', 'EAN:')]",Nuevo,			Todo el mundo,,,,smartphones,64 gb,,iphone 12 mini,new,https://i.ebayimg.com/images/g/pbgAAOSwr3Vhl5jp/s-l300.jpg,"pro,max"
"Apple iPhone 12 mini 13,7 cm (5.4"") 64 GB SIM doble 5G Verde iOS 14","922,00 EUR",iphone 12 mini 64 gb,mié. 1 dic. y el lun. 13 dic. ,,"reembolso de 30 días, el comprador paga los gastos de envío de la devolución","18,00 EUR",194512902998,https://www.ebay.es/itm/194512902998?hash=item2d49df5b56%3Ag%3AepoAAOSwzf9hl3By&LH_BIN=1,trippodoshop,1073,Movilesysmartphones,"PayPal,Apple Pay,Google Pay,Visa,Tarjeta Master,American Express","[('Estado:', 'Nuevo: Un artículo nuevo, sin usar, sin abrir, sin desperfectos y en el paquete original (en caso de ... '), ('UPC:', '0194252014479'), ('EAN:', 'Conectividad:'), ('5G, Bluetooth, Wi-Fi, Lightning, NFC', 'Color:'), ('Verde', 'MPN:'), ('MGE23QL/A', 'Estilo:'), ('Barra', 'Operador:'), ('Desbloqueado', 'Modelo:'), ('Apple iPhone 12 mini', 'Marca:'), ('Apple', 'Procesador:'), ('Hexa Core', 'Tamaño de pantalla:'), ('5,4""', 'Capacidad de almacenamiento:'), ('64 GB', 'Resolución de cámara:'), ('12,0 MP', 'Características:'), ('Sensor giroscópico, Sensor de luz ambiental, Acelerómetro, Sensor de proximidad, Sensor de huellas dactilares, Brújula electrónica, eSIM, Barómetro', 'Sistema operativo:')]",Nuevo,			España,,,,smartphones,64 gb,,iphone 12 mini,new,"https://i.ebayimg.com/images/g/epoAAOSwzf9hl3By/s-l64.jpg,https://i.ebayimg.com/images/g/Y34AAOSwnDdhl3By/s-l64.jpg,https://i.ebayimg.com/images/g/gZEAAOSwp5hhl3By/s-l64.jpg,https://i.ebayimg.com/images/g/epoAAOSwzf9hl3By/s-l300.jpg","pro,max"
> Apple iPhone 12 mini 64GB Blanco (MGDY3ZD/A),"890,90 EUR",iphone 12 mini 64 gb,jue. 16 dic.  y el lun. 20 dic. ,,Los consumidores tienen derecho a devolver el artículo según las condiciones que aparecen más abajo,"46,00 EUR",363627235713,https://www.ebay.es/itm/363627235713?hash=item54a9df4981%3Ag%3ANasAAOSwxSphl5jn&LH_BIN=1,digi-techx,16293,Movilesytelefonia,"PayPal,Apple Pay,Google Pay,Visa,Tarjeta Master,American Express","[('Estado:', 'Nuevo: Un artículo nuevo, sin usar, sin abrir, sin desperfectos y en el paquete original (en caso de ... '), ('Herstellernummer:', 'MGDY3ZD/A'), ('Hersteller:', 'Apple'), ('Mainboard-Marke:', '-/-'), ('Marke:', 'Produktart:'), ('Modell:', 'Markenkompatibilität:'), ('Unterstützte Speicherkarte(n):', 'Abspielbares Medienformat:'), ('Armbandmaterial:', 'Bildschirmgröße:'), ('Brennweite:', 'Chipsatz/GPU-Hersteller:'), ('Chipsatz Modell:', 'Farbe:'), ('Fokussierung:', 'Format:'), ('Formfaktor:', 'Gehäusegröße:'), ('Internetanschluss:', 'Kompatibles Betriebssystem:'), ('Konnektivität:', 'Maximale Blende:'), ('Maximale Vergrößerung:', 'Objektivanschluss:'), ('Prozessor:', 'Prozessormodell:'), ('Speicherkapazität:', 'ISBN:'), ('Batterie inklusive:', 'Geeigneter Herdtyp:'), ('Spannung:', 'EAN:')]",Nuevo,			Todo el mundo,,,,smartphones,64 gb,,iphone 12 mini,new,https://i.ebayimg.com/images/g/NasAAOSwxSphl5jn/s-l300.jpg,"pro,max"
"Apple iPhone 12 mini - 13,7 cm (5.4 Zoll) - 2340 x 1080 Pixel - 64 GB - 12 MP","879,90 EUR",iphone 12 mini 64 gb,jue. 16 dic.  y el lun. 20 dic. ,,Los consumidores tienen derecho a devolver el artículo según las condiciones que aparecen más abajo,"48,00 EUR",294561928914,https://www.ebay.es/itm/294561928914?hash=item44954256d2%3Ag%3Ag-kAAOSwY3Bhl5jp&LH_BIN=1,digi-techx,16293,Movilesytelefonia,"PayPal,Apple Pay,Google Pay,Visa,Tarjeta Master,American Express","[('Estado:', 'Nuevo: Un artículo nuevo, sin usar, sin abrir, sin desperfectos y en el paquete original (en caso de ... '), ('Herstellernummer:', 'MJQF3ZD/A'), ('Hersteller:', 'Apple'), ('Mainboard-Marke:', '-/-'), ('Marke:', 'Produktart:'), ('Modell:', 'Markenkompatibilität:'), ('Unterstützte Speicherkarte(n):', 'Abspielbares Medienformat:'), ('Bildschirmgröße:', 'Brennweite:'), ('Chipsatz/GPU-Hersteller:', 'Chipsatz Modell:'), ('Farbe:', 'Fokussierung:'), ('Format:', 'Formfaktor:'), ('Gehäusegröße:', 'Internetanschluss:'), ('Kompatibles Betriebssystem:', 'Konnektivität:'), ('Maximale Blende:', 'Maximale Vergrößerung:'), ('Objektivanschluss:', 'Prozessor:'), ('Prozessormodell:', 'Speicherkapazität:'), ('ISBN:', 'Batterie inklusive:'), ('Geeigneter Herdtyp:', 'Spannung:'), ('EAN:', '0194252431948')]",Nuevo,			Todo el mundo,,,,smartphones,64 gb,,iphone 12 mini,new,https://i.ebayimg.com/images/g/g-kAAOSwY3Bhl5jp/s-l300.jpg,"pro,max"
Apple iPhone 12 mini 64GB - (PRODUCT)RED,"826,28 EUR",iphone 12 mini 64 gb,vie. 10 dic.  y el vie. 24 dic. ,,"reembolso de 30 días, el comprador paga los gastos de envío de la devolución","19,52 EUR",255076072760,https://www.ebay.es/itm/255076072760?hash=item3b63b7fd38%3Ag%3AgB4AAOSw%7E9RhomVq&LH_BIN=1,dagimarket,8684,Movilesytelefonia,"PayPal,Apple Pay,Google Pay,Visa,Tarjeta Master,American Express","[('Estado:', 'Nuevo: Un artículo nuevo, sin usar, sin abrir, sin desperfectos y en el paquete original (en caso de ... '), ('UPC:', '0194252013793'), ('EAN:', 'Colore:'), ('Rosso', 'Capacità di memorizzazione:'), ('64 GB', 'Stile:'), ('Classico', 'MPN:'), ('MGE03QL/A', 'Caratteristiche:'), ('Sensore giroscopio, E-bussola, Sensore di prossimità, Sensore di luce ambientale, Accelerometro, Barometro, Sensore impronte digitali, eSIM', 'Operatore:'), ('Sbloccato', 'Processore:'), ('Hexa Core', 'Risoluzione fotocamera:'), ('12,0 MP', 'Modello:'), ('Apple iPhone 12 mini', 'Marca:'), ('Apple', 'Connettività:'), ('5G, Bluetooth, Wi-Fi, Lightning, NFC', 'Dimensioni schermo:'), ('5,4""', 'Sistema operativo:')]",Nuevo,			Unión Europea,,,,smartphones,64 gb,,iphone 12 mini,new,"https://i.ebayimg.com/images/g/gB4AAOSw~9RhomVq/s-l64.jpg,https://i.ebayimg.com/images/g/cBEAAOSwyFBhomVr/s-l64.jpg,https://i.ebayimg.com/images/g/dD4AAOSwvNhhomVr/s-l64.jpg,https://i.ebayimg.com/images/g/lZcAAOSwnDdhomVs/s-l64.jpg,https://i.ebayimg.com/images/g/Ap8AAOSwYthhomVr/s-l64.jpg,https://i.ebayimg.com/images/g/gB4AAOSw~9RhomVq/s-l300.jpg","pro,max"
"Apple iPhone 12 mini 5G smartphone dual-SIM 64 GB OLED display 5.4"" MGE13ZD/A","860,80 EUR",iphone 12 mini 64 gb,mar. 7 dic. y el lun. 10 ene. ,,"reembolso de 60 días, el comprador paga los gastos de envío de la devolución","14,80 EUR",294580184930,https://www.ebay.es/itm/294580184930?_trkparms=ispr%3D1&hash=item449658e762%3Ag%3AE6IAAOSwCnphn%7Es9&amdata=enc%3AAQAGAAACoPYe5NmHp%252B2JMhMi7yxGiTJkPrKr5t53CooMSQt2orsS%252Fwocn770hnih0B3mVHNZ5Hi3uxXVLRIY43qXMxnB%252Blat%252BRgduvfGUyhNXonXra6etrZmc6y8ewElvCMo492awUlWf9xK%252BMwZXXRWXTHNTCpalgOZpE6GhhSV6kIXc2rQbuD5VEuVl%252FgKoDRgIIvJzg9ECBXmLT%252Bmtwz4RZLXJEmur%252BQOX7m6qI84mZ1nfpbu0NNcvuHStHxMXvW%252BW%252F0cSLx%252B5wnkGqv9SUKlLlyaHpqoFIEgEgBxXS6Nt1x%252BRTLLmVT%252BYeyZxKYHCCz0v66DTKlj%252F3n3C37Mvu7QCfLCMTC7TTm17xEm%252BmyI2LGnMznb%252Fa6mYz3p10zyETlfvUlWsineJC6K%252FNQem9jqxTo%252BZ82B89Uc67WxnzgqplSqk7mdh6E54hwFR%252BCvXX9RQs1IL2WKxwqf3oPX0K3EBp4%252FCTxuL33DMnhkAl0sdsk9vy0ZVB5%252F1zXHZys%252BIJkAjxVQEQ4y26hUo5e5uERDZkKj0zYRLWyUNn9Qq4f6nNeEYgI824a3yaOAzTinFNWenauHXqIkK5h93CRnQpSiOHibS4SgNCaPKSV5L1CbOjUugeC8WjV8xU3%252Bl7BzLxc53LteYQOEg%252FOhy3mWDmwKno9H1%252F%252FF593pH9MmIy3bJWDzRaRg%252BbZ6jDKwHP7%252BXaJbGGzX1kAffHr%252FFauzP%252FS7hmDMzj%252BEwWE%252FityRSLqfVcK0ChuE3M0RP3UtshPtU%252FOroIYW%252B0cfqBzNRsidm4ivQKSj%252B2PWnWsmxN3A2x7k9xJYBkipD%252BWHhkJazjPYNA4Mpay0wwiCNKFPSh6U4cjczNSccSUBSMBZYSsDV%252FaU4WgJ%252BW4Fq1%252BLPqYKd%252B3ONHyEl9OKZQ%253D%253D%7Cclp%3A2334524%7Ctkp%3ABFBM8ur7r6xf&LH_BIN=1,eeemarket,22085,Movilesytelefonia,"PayPal,Apple Pay,Google Pay,Visa,Tarjeta Master,American Express","[('Estado:', 'Nuevo: Un artículo nuevo, sin usar, sin abrir, sin desperfectos y en el paquete original (en caso de ... '), ('Marca:', 'Apple'), ('MPN:', 'MGE13ZD/A'), ('Modello:', 'Tipo:'), ('Capacità di memorizzazione:', 'on hold'), ('Colore:', 'EAN:')]",Nuevo,"			América, Europa, Asia",,,,smartphones,64 gb,,iphone 12 mini,new,"https://i.ebayimg.com/images/g/E6IAAOSwCnphn~s9/s-l64.jpg,https://i.ebayimg.com/images/g/5l8AAOSw45hhn~s9/s-l64.jpg,https://i.ebayimg.com/images/g/b~YAAOSwpDJhn~s~/s-l64.jpg,https://i.ebayimg.com/images/g/-KoAAOSwuzVhn~s9/s-l64.jpg,https://i.ebayimg.com/images/g/SGwAAOSwfUlhn~s9/s-l64.jpg,https://i.ebayimg.com/images/g/E6IAAOSwCnphn~s9/s-l300.jpg","pro,max"
Apple iPhone 12 mini (64GB) (PRODUCTO)ROJO rojo Super Retina XDR Display A14 Bionic,"711,90 EUR",iphone 12 mini 64 gb,vie. 10 dic.  y el mar. 14 dic. ,,Los consumidores tienen derecho a devolver el artículo según las condiciones que aparecen más abajo,"16,90 EUR",144306007386,https://www.ebay.es/itm/144306007386?hash=item21994eed5a%3Ag%3AJh0AAOSwwlNft54W&LH_BIN=1,price-guard,813032,Movilesytelefonia,"PayPal,Apple Pay,Google Pay,Visa,Tarjeta Master,American Express","[('Estado:', 'Nuevo: Un artículo nuevo, sin usar, sin abrir, sin desperfectos y en el paquete original (en caso de ... '), ('Herstellerfarbe:', '(PRODUCT)RED rot'), ('EAN:', '0194252013892'), ('Hersteller:', 'Apple'), ('SIM-Karten-Steckplatz:', 'Dual SIM ( 1x eSIM )'), ('Modellnummer:', 'A2399'), ('RAM:', '4GB'), ('UPC:', 'Stil:'), ('Candy Bar', 'Besonderheiten:'), ('Elektronischer Kompass, Gyroskop-Sensor, Näherungssensor, Umgebungslichtsensor, Beschleunigungssensor, Fingerabdrucksensor, Barometer, eSIM', 'Kameraauflösung:'), ('12,0 Megapixel', 'Prozessor:'), ('Hexa Core', 'Mobilfunkbetreiber:'), ('Ohne Simlock', 'Betriebssystem:'), ('iOS', 'Bildschirmgröße:'), ('5,4 Zoll', 'Herstellernummer:'), ('MGE03ZD/A', 'Marke:'), ('Farbe:', 'Rot'), ('Modell:', 'Apple iPhone 12 mini'), ('Konnektivität:', '5G, Bluetooth, Wi-Fi, Lightning, NFC'), ('Speicherkapazität:', '64 GB')]",Nuevo,			Unión Europea,,,,smartphones,64 gb,,iphone 12 mini,new,"https://i.ebayimg.com/images/g/Jh0AAOSwwlNft54W/s-l64.jpg,https://i.ebayimg.com/images/g/IQAAAOSwGIpft54W/s-l64.jpg,https://i.ebayimg.com/images/g/SrwAAOSwOxtft54X/s-l64.jpg,https://i.ebayimg.com/images/g/Jh0AAOSwwlNft54W/s-l300.jpg","pro,max"
Apple iPhone 12 mini - 64 GB,"679,00 EUR",iphone 12 mini 64 gb,lun. 13 dic.  y el mié. 15 dic. ,"<span id=""sel-msku-variation"" style=""display:none"">414794725935</span>",No se aceptan devoluciones,"2,90 EUR",114624081843,https://www.ebay.es/itm/114624081843?hash=item1ab020afb3%3Ag%3AGMIAAOSwMj9f-46G&LH_BIN=1,sbdirect24,43465,Movilesytelefonia,"PayPal,Apple Pay,Google Pay,Visa,Tarjeta Master,American Express","[('Estado:', 'Nuevo: Un artículo nuevo, sin usar, sin abrir, sin desperfectos y en el paquete original (en caso de ... '), ('Marke:', 'Apple'), ('Modell:', 'iPhone 12 mini'), ('Speicherkapazität:', '64 GB'), ('Konnektivität:', '4G, Bluetooth, Wi-Fi'), ('RAM:', '4 GB'), ('Mobilfunkbetreiber:', 'Ohne Simlock'), ('Betriebssystem:', 'iOS'), ('Besonderheiten:', '4K-Filmaufnahmen, Ohne SIM-Lock, Farbdisplay'), ('Bildschirmgröße:', '5,4 Zoll'), ('SIM-Karten-Steckplatz:', 'Dual SIM (SIM + eSIM)'), ('Sperrstatus:', 'Frei ab Werk'), ('Herstellernummer:', 'MGE13ZD/A')]",Nuevo,			Europa,,,,smartphones,64 gb,,iphone 12 mini,new,https://i.ebayimg.com/images/g/GMIAAOSwMj9f-46G/s-l300.jpg,"pro,max"
Apple iPhone 12 mini (64 GB) blanco Super Retina XDR Display sistema de dos cámaras NUEVO,"711,90 EUR",iphone 12 mini 64 gb,vie. 10 dic.  y el mar. 14 dic. ,,Los consumidores tienen derecho a devolver el artículo según las condiciones que aparecen más abajo,"16,90 EUR",144306010042,https://www.ebay.es/itm/144306010042?hash=item21994ef7ba%3Ag%3ANKkAAOSwzN9fuL18&LH_BIN=1,price-guard,813032,Movilesytelefonia,"PayPal,Apple Pay,Google Pay,Visa,Tarjeta Master,American Express","[('Estado:', 'Nuevo: Un artículo nuevo, sin usar, sin abrir, sin desperfectos y en el paquete original (en caso de ... '), ('EAN:', '0194252013557'), ('Hersteller:', 'Apple'), ('Frequenzband:', '2G, 3G, 4G'), ('Modifizierter Artikel:', 'Nein'), ('SIM-Karten-Steckplatz:', 'Single Sim'), ('Modellnummer:', 'A2399'), ('RAM:', '4GB'), ('UPC:', '194252015254'), ('Stil:', 'Candy Bar'), ('Besonderheiten:', 'Elektronischer Kompass, Gyroskop-Sensor, Näherungssensor, Umgebungslichtsensor, Beschleunigungssensor, Fingerabdrucksensor, Barometer, eSIM'), ('Kameraauflösung:', '12,0 Megapixel'), ('Prozessor:', 'Hexa Core'), ('Mobilfunkbetreiber:', 'Ohne Simlock'), ('Betriebssystem:', 'iOS'), ('Bildschirmgröße:', '5,4 Zoll'), ('Herstellernummer:', 'MGDY3ZD/A'), ('Farbe:', 'Weiß'), ('Marke:', 'Modell:'), ('Apple iPhone 12 mini', 'Konnektivität:'), ('5G, Bluetooth, Wi-Fi, Lightning, NFC', 'Speicherkapazität:')]",Nuevo,			Unión Europea,,,,smartphones,64 gb,,iphone 12 mini,new,"https://i.ebayimg.com/images/g/NKkAAOSwzN9fuL18/s-l64.jpg,https://i.ebayimg.com/images/g/YzUAAOSwi2RfuL18/s-l64.jpg,https://i.ebayimg.com/images/g/e7IAAOSwYvNfuL19/s-l64.jpg,https://i.ebayimg.com/images/g/NKkAAOSwzN9fuL18/s-l300.jpg","pro,max"
Apple iPhone 12 mini 64 GB negro-sin contrato-como nuevo! **,"619,99 EUR",iphone 12 mini 64 gb,jue. 2 dic. y el mié. 15 dic. ,,Los consumidores tienen derecho a devolver el artículo según las condiciones que aparecen más abajo,"10,90 EUR",265332394564,https://www.ebay.es/itm/265332394564?hash=item3dc70b0a44%3Ag%3AA9YAAOSwg%7ElhnSOt&LH_BIN=1,asgoodasnew-premium,26009,Movilesytelefonia,"PayPal,Apple Pay,Google Pay,Visa,Tarjeta Master,American Express","[('EAN:', '0194252013212'), ('optischer Zustand:', 'wie neu'), ('Beschreibung des optischen Zustands:', 'Ohne Gebrauchsspuren oder Beschädigungen.'), ('Produktart:', 'Smartphone'), ('UPC:', 'Stil:'), ('Candy Bar', 'Besonderheiten:'), ('Elektronischer Kompass, Gyroskop-Sensor, Näherungssensor, Umgebungslichtsensor, Beschleunigungssensor, Fingerabdrucksensor, Barometer, eSIM', 'Kameraauflösung:'), ('12,0 Megapixel', 'Prozessor:'), ('Hexa Core', 'Mobilfunkbetreiber:'), ('Ohne Simlock', 'Betriebssystem:'), ('iOS', 'Bildschirmgröße:'), ('5,4 Zoll', 'Herstellernummer:'), ('MGDX3ZD/A', 'Farbe:'), ('Schwarz', 'Marke:'), ('Apple', 'Modell:'), ('Apple iPhone 12 mini', 'Konnektivität:'), ('5G, Bluetooth, Wi-Fi, Lightning, NFC', 'Speicherkapazität:')]",--,			Europa,							,,,smartphones,64 gb,,iphone 12 mini,new,"https://i.ebayimg.com/images/g/A9YAAOSwg~lhnSOt/s-l64.jpg,https://i.ebayimg.com/images/g/ZSAAAOSwSwphnSOu/s-l64.jpg,https://i.ebayimg.com/images/g/A9YAAOSwg~lhnSOt/s-l300.jpg","pro,max"
Apple iPhone 12 mini 64gb verde ningún contrato ningún bloqueo SIM,"729,00 EUR",iphone 12 mini 64 gb,vie. 10 dic.  y el mar. 14 dic. ,,Los consumidores tienen derecho a devolver el artículo según las condiciones que aparecen más abajo,"14,90 EUR",255248262508,https://www.ebay.es/itm/255248262508?hash=item3b6dfb656c%3Ag%3ANYIAAOSwRKthemxD&LH_BIN=1,deltatecc-prime,38023,Movilesytelefonia,"PayPal,Apple Pay,Google Pay,Visa,Tarjeta Master,American Express","[('Estado:', 'Abierto, sin usar:'), ('Notas del vendedor:', '“Versandrückläufer in geöffneter original Verpackung. Leichte Gebrauchsspuren/Kratzer möglich. Voll funktionsfähig. In original Verpackung mit Zubehör. Rechnung mit Mwst. vom Fachhändler.”'), ('Marke:', 'Apple'), ('Modell:', 'Apple iPhone 12 mini'), ('Farbe:', 'Grün'), ('Speicherkapazität:', '64 GB'), ('Betriebssystem:', 'iOS'), ('Konnektivität:', '2G, 3G, 4G, 5G, Bluetooth, Dual-Band, GPRS, GPS, Lightning, LTE, NFC, Quad-Band, Tri-Band, Wi-Fi'), ('Besonderheiten:', 'Apple Care, Beschleunigungssensor, Bluetooth aktiviert, Doppel-Linsen-Kamera, Email, Web, E-Mail-Zugriff, Farbdisplay, Frontkamera, Für Edge, Gesichts-Erkennung, GPRS, GPS, Internet, Kamera, Musikplayer, Nano SIM, NFC Konnektivität, Ohne SIM-Lock, Retina-Display, Rückkamera, Sprachanwahl, Spracherkennung, Vibration, Videoanruf, Videokamera, Video Streamen, WiFi-fähig'), ('Bildschirmgröße:', '5,4 Zoll'), ('Sperrstatus:', 'Frei ab Werk'), ('Vertrag:', 'Ohne Vertrag'), ('EAN:', '0194252014578'), ('Herstellernummer:', 'Nicht zutreffend')]","Abierto, sin usar",			Unión Europea,,,,smartphones,64 gb,,iphone 12 mini,new,https://i.ebayimg.com/images/g/NYIAAOSwRKthemxD/s-l300.jpg,"pro,max"
Apple iPhone 12 mini 64 gb rojo bloqueo SIM como nuevo! **,"619,99 EUR",iphone 12 mini 64 gb,jue. 2 dic. y el mié. 15 dic. ,,Los consumidores tienen derecho a devolver el artículo según las condiciones que aparecen más abajo,"10,90 EUR",265238076459,https://www.ebay.es/itm/265238076459?hash=item3dc16bdc2b%3Ag%3AnOwAAOSwyFhhOJ54&LH_BIN=1,asgoodasnew-premium,26009,Movilesytelefonia,"PayPal,Apple Pay,Google Pay,Visa,Tarjeta Master,American Express","[('EAN:', '0194252013892'), ('optischer Zustand:', 'wie neu'), ('Beschreibung des optischen Zustands:', 'Ohne Gebrauchsspuren oder Beschädigungen.'), ('Produktart:', 'Smartphone'), ('UPC:', 'Stil:'), ('Candy Bar', 'Besonderheiten:'), ('Elektronischer Kompass, Gyroskop-Sensor, Näherungssensor, Umgebungslichtsensor, Beschleunigungssensor, Fingerabdrucksensor, Barometer, eSIM', 'Kameraauflösung:'), ('12,0 Megapixel', 'Prozessor:'), ('Hexa Core', 'Mobilfunkbetreiber:'), ('Ohne Simlock', 'Betriebssystem:'), ('iOS', 'Bildschirmgröße:'), ('5,4 Zoll', 'Herstellernummer:'), ('MGE03ZD/A', 'Marke:'), ('Apple', 'Farbe:'), ('Rot', 'Modell:'), ('Apple iPhone 12 mini', 'Konnektivität:'), ('5G, Bluetooth, Wi-Fi, Lightning, NFC', 'Speicherkapazität:')]",--,			Europa,,,,smartphones,64 gb,,iphone 12 mini,new,https://i.ebayimg.com/images/g/nOwAAOSwyFhhOJ54/s-l300.jpg,"pro,max"
"Apple iPhone 12 mini 5G smartphone dual-SIM 64 GB OLED display 5.4"" MGDX3ZD/A","883,60 EUR",iphone 12 mini 64 gb,mar. 7 dic. y el lun. 10 ene. ,,"reembolso de 60 días, el comprador paga los gastos de envío de la devolución","14,80 EUR",125020329436,https://www.ebay.es/itm/125020329436?_trkparms=ispr%3D1&hash=item1d1bcad5dc%3Ag%3AEVYAAOSwWx5hn%7Es-&amdata=enc%3AAQAGAAACoPYe5NmHp%252B2JMhMi7yxGiTJkPrKr5t53CooMSQt2orsSxXDXcCydCuSj2Tq2S%252F3Gnq%252FzaV1LpoucPMIWclxVRE661m9eUnAB4Kl%252B4b8ee2x8uJPyTinQeh7cGEMCxdJmr6BvLi4I%252BmSGH%252BoFq6TjzhJoFtCeeWAzCqk6YFZp%252BzKN%252BwxfuhWMyqmN4XRKUM%252B5hhXfnVz3SDnfApxbyFTu9xzqUl2HgCf02AvstqJurSvzfI1VW9LF3pFT6FV3pG9MlevCfVvidkiNUQkD2RPs3yHnc%252BT75qs90Bca8arPCEp85CTAv%252FLuBCMh8aLsEzgDOHcNO25Cefr8504%252FJ2iriaXhibZ5Zh3GelQU33e5jBbhWMVxR7781p3WIu1shHJPNlubqEBGDQuMCKCiOfiKFsZymfmMbMZl%252BzgSXvW5eVOmksguwTxM5gQt1f1AS5f5jahERu9L%252FwMedyTdRxjirPnI44zbK0xhL6zFta9e0H6XaYxttHXbVk%252Frhb23UfeKz1IZtkVm1MTO3tlWKvlyBbk%252FzieLv0HJvos8EI8HKjufbFfbFXAY6CnhAWuZiw9wM6ASgfKAHj9q5Q8BxmgEGB1Opk%252BneQbC9yJpqvpT%252FaJYsMM9ZbspFYvbsMObktzuJMyt4yJewyxjgEQe1fUdG4F0dYZAhcnbKJbpiO6%252Fo1FHUhME7BGO%252BioV3fOXOR2rG%252FZ6%252FpoHyrJoPAzRE4tTklC9yQAgsl50Kko6rBR5ISpM2KHnYWvprxNcleJYiAm4%252BueLlMHtXzWJWEiXCI1V7Oax9NJBjgudvyiZdnQZBRBg0QU5WFE68Bob1d%252F34MwMGhf5gEhQUR%252BhCR2Xf%252Bag5mhBo8vzprS8zpTdkKRCPOv%252FDh6HiKVMAw9RlKqwhtrkDw%253D%253D%7Cclp%3A2334524%7Ctkp%3ABFBM8ur7r6xf&LH_BIN=1,eeemarket,22085,Movilesytelefonia,"PayPal,Apple Pay,Google Pay,Visa,Tarjeta Master,American Express","[('Estado:', 'Nuevo: Un artículo nuevo, sin usar, sin abrir, sin desperfectos y en el paquete original (en caso de ... '), ('Marca:', 'Apple'), ('MPN:', 'MGDX3ZD/A'), ('Modello:', 'Tipo:'), ('Capacità di memorizzazione:', 'on hold'), ('Colore:', 'EAN:')]",Nuevo,"			América, Europa, Asia",,,,smartphones,64 gb,,iphone 12 mini,new,"https://i.ebayimg.com/images/g/EVYAAOSwWx5hn~s-/s-l64.jpg,https://i.ebayimg.com/images/g/DQQAAOSwbX1hn~s-/s-l64.jpg,https://i.ebayimg.com/images/g/vfMAAOSwHRVhn~s-/s-l64.jpg,https://i.ebayimg.com/images/g/-ggAAOSwJGFhn~s-/s-l64.jpg,https://i.ebayimg.com/images/g/C54AAOSwE4Jhn~s-/s-l64.jpg,https://i.ebayimg.com/images/g/EVYAAOSwWx5hn~s-/s-l300.jpg","pro,max"
"Apple Iphone 12 Mini 64GB Blanco, 5.4"" OLED super retina XDR NUEVO DESPRECINTADO","639,95 EUR",iphone 12 mini 64 gb,mar. 30 nov. ,,"reembolso de 30 días, el comprador paga los gastos de envío de la devolución",Envío gratis en 2 días,353668095254,https://www.ebay.es/itm/353668095254?hash=item525842dd16%3Ag%3AgO0AAOSwh3BhO4Xh&LH_BIN=1,tienda_mqn,121,Movilesytelefonia,"PayPal,Apple Pay,Google Pay,Visa,Tarjeta Master,American Express","[('Estado:', 'Abierto, sin usar:'), ('Notas del vendedor:', '“Nuevo desprecintado, 1 año de garantía. Vendedor profesional.”'), ('Capacidad de almacenamiento:', '64 GB'), ('Procesador:', 'A14'), ('País/Región de fabricación:', 'Japón'), ('Resolución de cámara:', '12,0 MP'), ('Marca:', 'Apple'), ('Sistema operativo:', 'iOS'), ('Modelo:', 'Apple iPhone 12 mini'), ('Características:', 'Altavoz, Batería de alta capacidad (5000 mAh o más), Bluetooth habilitado'), ('Tipo de tarjeta de memoria:', 'Interna'), ('RAM:', '4 GB'), ('Color:', 'Blanco'), ('Tamaño de pantalla:', '5.4""'), ('Ranura para tarjeta SIM:', 'Solo una tarjeta SIM'), ('Estado de bloqueo:', 'Desbloqueado de fábrica'), ('Conectividad:', '5G')]","Abierto, sin usar",			Europa,,,,smartphones,64 gb,,iphone 12 mini,new,"https://i.ebayimg.com/images/g/gO0AAOSwh3BhO4Xh/s-l64.jpg,https://i.ebayimg.com/images/g/t8gAAOSwM0lhO4Xi/s-l64.jpg,https://i.ebayimg.com/images/g/tWEAAOSwYllhO4Xk/s-l64.jpg,https://i.ebayimg.com/images/g/HBMAAOSw7OVhO4Xl/s-l64.jpg,https://i.ebayimg.com/images/g/DyMAAOSwShxhO4Xn/s-l64.jpg,https://i.ebayimg.com/images/g/tXIAAOSwhDRhO4Xp/s-l64.jpg,https://i.ebayimg.com/images/g/JMsAAOSwrFZhO4Xr/s-l64.jpg,https://i.ebayimg.com/images/g/rjUAAOSwxMFhO4Xs/s-l64.jpg,https://i.ebayimg.com/images/g/gO0AAOSwh3BhO4Xh/s-l300.jpg","pro,max"
Nuevo Apple IPHONE 12 Mini 64GB Negro Recto Talk O Total Inalámbrico Bloqueado,"427,69 EUR",iphone 12 mini 64 gb,mié. 15 dic.  y el mar. 4 ene.,,"reembolso de 30 días, el comprador paga los gastos de envío de la devolución","22,43 EUR",185187118548,https://www.ebay.es/itm/185187118548?hash=item2b1e032dd4%3Ag%3AFlUAAOSwYtxhoVnB&LH_BIN=1,caylar2,18321,Movilesytelefonia,"PayPal,Apple Pay,Google Pay,Visa,Tarjeta Master,American Express","[('Estado:', 'Nuevo: Un artículo nuevo, sin usar, sin abrir, sin desperfectos y en el paquete original (en caso de ... '), ('Capacidad de almacenamiento:', '64 GB'), ('Marca:', 'Apple'), ('País/Región de fabricación:', 'Desconocido'), ('Redes1:', 'Charla Recta'), ('Tipo de tarjeta de memoria:', 'no aplique'), ('Redes:', 'Total Inalámbrico'), ('Garantía del fabricante:', 'No Aplique'), ('Personalizado Conjunto:', 'No'), ('RAM:', 'Estado de bloqueo:'), ('Red bloqueada', 'Resolución de cámara:'), ('Modelo:', 'Apple iPhone 12 mini'), ('Chipset Modelo:', 'MMPJ3LL / A'), ('Tamaño de pantalla:', 'Banda Celular:'), ('NO APLIQUE', 'Características:'), ('Ranura para tarjeta SIM:', 'MPN:'), ('MMPJ3LL/A', 'Número de modelo:'), ('Estilo:', 'Barra'), ('Color:', 'Negro'), ('Contrato:', 'Pre-pago'), ('Procesador:', 'Sistema operativo:'), ('iOS', 'Conectividad:')]",Nuevo,			Todo el mundo,,,,smartphones,64 gb,,iphone 12 mini,new,"https://i.ebayimg.com/images/g/FlUAAOSwYtxhoVnB/s-l64.jpg,https://i.ebayimg.com/images/g/1bYAAOSwyFBhoVnB/s-l64.jpg,https://i.ebayimg.com/images/g/sXQAAOSwLv1hoVnB/s-l64.jpg,https://i.ebayimg.com/images/g/hhMAAOSw48thoVnC/s-l64.jpg,https://i.ebayimg.com/images/g/FlUAAOSwYtxhoVnB/s-l300.jpg","pro,max"
Apple iPhone 12 mini (PRODUCT) RED 5G smartphone dual-SIM 64 GB OLED MGE03ZD/A,"839,30 EUR",iphone 12 mini 64 gb,mar. 7 dic. y el lun. 10 ene. ,,"reembolso de 60 días, el comprador paga los gastos de envío de la devolución","14,80 EUR",294558943748,https://www.ebay.es/itm/294558943748?_trkparms=ispr%3D1&hash=item449514ca04%3Ag%3AkKsAAOSwoEZhlj8H&amdata=enc%3AAQAGAAACoPYe5NmHp%252B2JMhMi7yxGiTJkPrKr5t53CooMSQt2orsS%252Fwocn770hnih0B3mVHNZ5LRiV4xT5pNUyUkpC0fid0hkhY3sgVbJZY22yrrZuIr98%252FEIrSPjml%252FO4YdKOvnxmOIRGTG9e1KSjYTuBps3K5UCV5ciGoDG6H2azzDUj%252FTPP47qzWmF9yDBmz5jqqN7COcuulHcRXamRqn5LSo8BQSwsfZZY08PUjFSj91SI2Wrj8ymYWBpUoP2bprIEeWG5aWDVnestnnQ%252BJnfWxi1zjtxKimeLA860BXBjrRTZ2CILya%252F0fiz5acs7I6%252F6YZCmSq%252BSGZax%252BjixpT9YVLCjN7MPVUcrqo6jfeN5bmH43GT1czDq1XYgskiHP29UgEGJJjm%252FA%252BxCwZqCs%252FFp7YfZvRH8cZbgbea1qt01UHq%252Bz9UUu%252Bv9iTAesrHuESEPHfZf5M45LDX%252FNDdhmoiH%252B430ik8iIhYbugMXA3WKKeBf%252F1RK96WkvLWcC2%252BDuz4KCt5RsNCDrpAfWd0gpDTxEGiV3B0sYv%252BOl4SZ%252FWyDgmiem7G0IFSF6L3U80xGwbB4XMmSt7CnORBdEOn0RO0K7e%252Fl1UsbsZylfEj5ECX7eLfNlZ%252FUA0k3mtAUq%252FOMFeBqN1456qn6Ei%252FaO9pZraXyqsLSA7t%252FeewXMRZEHA28ay7882BpN1KfMs%252B90yu%252B5tuRvkOitVg4LkwuPQSyHrGlpQoheeVdCBdWjIzVpg6ZnOXq5NnU2LwzST0L%252BkSlCGcSYxXSWIS%252FexGfc9ud%252BZR2fq3BcKp7f9yIyV51KaFMFgadJRhfS7iidkViW3XBLBbkmDrScDAgVn7tv8crM5Djf%252BXAKMePuPWMyi1CwFhRf1XWS%252Bna0DPpASnENeKikl%252BbZDiBQ%253D%253D%7Cclp%3A2334524%7Ctkp%3ABFBM8ur7r6xf&LH_BIN=1,eeemarket,22085,Movilesytelefonia,"PayPal,Apple Pay,Google Pay,Visa,Tarjeta Master,American Express","[('Estado:', 'Nuevo: Un artículo nuevo, sin usar, sin abrir, sin desperfectos y en el paquete original (en caso de ... '), ('Marca:', 'Apple'), ('MPN:', 'MGE03ZD/A'), ('Modello:', 'Tipo:'), ('Capacità di memorizzazione:', 'on hold'), ('Colore:', 'EAN:')]",Nuevo,"			América, Europa, Asia",,,,smartphones,64 gb,,iphone 12 mini,new,"https://i.ebayimg.com/images/g/kKsAAOSwoEZhlj8H/s-l64.jpg,https://i.ebayimg.com/images/g/BocAAOSwIwxhlj8I/s-l64.jpg,https://i.ebayimg.com/images/g/ekEAAOSwPY9hlj8I/s-l64.jpg,https://i.ebayimg.com/images/g/u0wAAOSwRI9hlj8I/s-l64.jpg,https://i.ebayimg.com/images/g/zEkAAOSwwy5hlj8I/s-l64.jpg,https://i.ebayimg.com/images/g/kKsAAOSwoEZhlj8H/s-l300.jpg","pro,max"
> Apple iPhone 12 mini 64gb Black (mgdx3zd/a),"890,90 EUR",iphone 12 mini 64 gb,jue. 16 dic.  y el lun. 20 dic. ,,Los consumidores tienen derecho a devolver el artículo según las condiciones que aparecen más abajo,"46,00 EUR",293992909890,https://www.ebay.es/itm/293992909890?hash=item447357cc42%3Ag%3Azi0AAOSwkvRgHAxB&LH_BIN=1,digi-techx,16293,Movilesytelefonia,"PayPal,Apple Pay,Google Pay,Visa,Tarjeta Master,American Express","[('Estado:', 'Nuevo: Un artículo nuevo, sin usar, sin abrir, sin desperfectos y en el paquete original (en caso de ... '), ('Herstellernummer:', 'MGDX3ZD/A'), ('Hersteller:', 'Apple'), ('Mainboard-Marke:', '-/-'), ('Marke:', 'Produktart:'), ('Modell:', 'Markenkompatibilität:'), ('Unterstützte Speicherkarte(n):', 'Abspielbares Medienformat:'), ('Armbandmaterial:', 'Bildschirmgröße:'), ('Brennweite:', 'Chipsatz/GPU-Hersteller:'), ('Chipsatz Modell:', 'Farbe:'), ('Fokussierung:', 'Format:'), ('Formfaktor:', 'Gehäusegröße:'), ('Internetanschluss:', 'Kompatibles Betriebssystem:'), ('Konnektivität:', 'Maximale Blende:'), ('Maximale Vergrößerung:', 'Objektivanschluss:'), ('Prozessor:', 'Prozessormodell:'), ('Speicherkapazität:', 'ISBN:'), ('Batterie inklusive:', 'Geeigneter Herdtyp:'), ('Spannung:', 'EAN:')]",Nuevo,			Todo el mundo,,,,smartphones,64 gb,,iphone 12 mini,new,https://i.ebayimg.com/images/g/zi0AAOSwkvRgHAxB/s-l300.jpg,"pro,max"
Apple iPhone 12 mini (64GB) violeta Super Retina XDR Display Dual Camera System,"746,90 EUR",iphone 12 mini 64 gb,vie. 10 dic.  y el mar. 14 dic. ,,Los consumidores tienen derecho a devolver el artículo según las condiciones que aparecen más abajo,"16,90 EUR",144306477862,https://www.ebay.es/itm/144306477862?hash=item2199561b26%3Ag%3AL1YAAOSwClBgpJ8K&LH_BIN=1,price-guard,813032,Movilesytelefonia,"PayPal,Apple Pay,Google Pay,Visa,Tarjeta Master,American Express","[('Estado:', 'Nuevo: Un artículo nuevo, sin usar, sin abrir, sin desperfectos y en el paquete original (en caso de ... '), ('Marke:', 'Apple'), ('Modell:', 'Apple iPhone 12 mini'), ('Farbe:', 'Lila'), ('Speicherkapazität:', '64 GB'), ('Konnektivität:', '3G, 4G, 5G, Bluetooth, GPS, Lightning, LTE, NFC, Wi-Fi'), ('Betriebssystem:', 'iOS'), ('Besonderheiten:', 'Barometer, Beschleunigungssensor, Bluetooth aktiviert, Dual-Rückkamera, Elektronischer Kompass, E-Mail-Zugriff, Farbdisplay, Gesichts-Erkennung, GPS, Gyroskop-Sensor, Internet, Kabelloses Laden, Näherungssensor, Nano SIM, NFC Konnektivität, Retina-Display, Schnellladen, WiFi-fähig, wasserdichtes Gehäuse'), ('Bildschirmgröße:', '5,4 Zoll'), ('Prozessor:', 'A14 Bionic'), ('Kameraauflösung:', '12,0 Megapixel'), ('Herstellernummer:', 'MJQF3ZD/A'), ('EAN:', '0194252431948')]",Nuevo,			Unión Europea,,,,smartphones,64 gb,,iphone 12 mini,new,"https://i.ebayimg.com/images/g/L1YAAOSwClBgpJ8K/s-l64.jpg,https://i.ebayimg.com/images/g/xLsAAOSwGpFgpJ8J/s-l64.jpg,https://i.ebayimg.com/images/g/i~wAAOSwfnlgpJ8K/s-l64.jpg,https://i.ebayimg.com/images/g/Wk4AAOSwN8hgpJ8K/s-l64.jpg,https://i.ebayimg.com/images/g/L1YAAOSwClBgpJ8K/s-l300.jpg","pro,max"
Apple iPhone 12 mini 64 GB rojo con bloqueo SIM nuevo,"625,19 EUR",iphone 12 mini 64 gb,mar. 30 nov.  y el mié. 15 dic. ,,"reembolso de 30 días, el vendedor paga el envío de la devolución",GRATIS,144174148420,https://www.ebay.es/itm/144174148420?hash=item219172eb44%3Ag%3AnKcAAOSwuSlhPfuA&LH_BIN=1,asgoodasnew_es,487,Movilesysmartphones,"PayPal,Apple Pay,Google Pay,Visa,Tarjeta Master,American Express","[('Estado:', 'Nuevo: Un artículo nuevo, sin usar, sin abrir, sin desperfectos y en el paquete original (en caso de ... '), ('Marca:', 'Apple'), ('EAN:', '0194252013892'), ('MPN:', 'MGE03ZD/A'), ('Color:', 'Rojo'), ('Tipo:', 'Smartphone'), ('Modelo:', 'Apple iPhone 12 mini'), ('Capacidad de almacenamiento:', '64 GB')]",Nuevo,			Europa,,,,smartphones,64 gb,,iphone 12 mini,new,https://i.ebayimg.com/images/g/nKcAAOSwuSlhPfuA/s-l300.jpg,"pro,max"
